,n,aum,ew_er,med_er,aw_er
passive,1909,12163858485621.346,0.004326467477525119,0.0039,0.0010319246438544897
active,2045,872322633364.6838,0.006711427094105481,0.0069,0.004424298344759737
