,n,active share,median net ER,median AUM ($M)
incumbents,3073,0.4295476732834364,0.005,169.92925960263
first N-CEN filing (new funds),881,0.8229284903518729,0.0066,13.069361765
